"LOCATION","INDICATOR","SUBJECT","MEASURE","FREQUENCY","TIME","Value","Flag Codes"
"JPN","HHDI","GROSSADJ","USD_CAP","A","1994",15900.5629261992,
"JPN","HHDI","GROSSADJ","USD_CAP","A","1995",16411.7079158791,
"JPN","HHDI","GROSSADJ","USD_CAP","A","1996",16807.723467125,
"JPN","HHDI","GROSSADJ","USD_CAP","A","1997",17137.7396519228,
"JPN","HHDI","GROSSADJ","USD_CAP","A","1998",17299.3514991598,
"JPN","HHDI","GROSSADJ","USD_CAP","A","1999",17572.2515315372,
"JPN","HHDI","GROSSADJ","USD_CAP","A","2000",18596.0510986774,
"JPN","HHDI","GROSSADJ","USD_CAP","A","2001",18750.196933365,
"JPN","HHDI","GROSSADJ","USD_CAP","A","2002",19826.594948068,
"JPN","HHDI","GROSSADJ","USD_CAP","A","2003",20508.5700391189,
"JPN","HHDI","GROSSADJ","USD_CAP","A","2004",21269.2137714198,
"JPN","HHDI","GROSSADJ","USD_CAP","A","2005",22381.8369545792,
"JPN","HHDI","GROSSADJ","USD_CAP","A","2006",23043.9957013297,
"JPN","HHDI","GROSSADJ","USD_CAP","A","2007",23867.6825931107,
"JPN","HHDI","GROSSADJ","USD_CAP","A","2008",24274.9001463572,
"JPN","HHDI","GROSSADJ","USD_CAP","A","2009",24593.0070390186,
"JPN","HHDI","GROSSADJ","USD_CAP","A","2010",25609.2432085794,
"JPN","HHDI","GROSSADJ","USD_CAP","A","2011",26568.3387464214,
"JPN","HHDI","GROSSADJ","USD_CAP","A","2012",27654.5552170529,
"JPN","HHDI","GROSSADJ","USD_CAP","A","2013",28882.383523282,
"JPN","HHDI","GROSSADJ","USD_CAP","A","2014",28459.9104258193,
"NLD","HHDI","GROSSADJ","USD_CAP","A","1995",16224.0306536629,
"NLD","HHDI","GROSSADJ","USD_CAP","A","1996",16902.4777384271,
"NLD","HHDI","GROSSADJ","USD_CAP","A","1997",17904.0297979457,
"NLD","HHDI","GROSSADJ","USD_CAP","A","1998",18812.675255301,
"NLD","HHDI","GROSSADJ","USD_CAP","A","1999",19829.2860952952,
"NLD","HHDI","GROSSADJ","USD_CAP","A","2000",22067.0311599462,
"NLD","HHDI","GROSSADJ","USD_CAP","A","2001",23578.2797494346,
"NLD","HHDI","GROSSADJ","USD_CAP","A","2002",25356.2869408383,
"NLD","HHDI","GROSSADJ","USD_CAP","A","2003",24330.7036207843,
"NLD","HHDI","GROSSADJ","USD_CAP","A","2004",25128.426590289,
"NLD","HHDI","GROSSADJ","USD_CAP","A","2005",25310.6116335328,
"NLD","HHDI","GROSSADJ","USD_CAP","A","2006",27145.3167319236,
"NLD","HHDI","GROSSADJ","USD_CAP","A","2007",28597.3438425612,
"NLD","HHDI","GROSSADJ","USD_CAP","A","2008",29618.9309903184,
"NLD","HHDI","GROSSADJ","USD_CAP","A","2009",29471.1251554926,
"NLD","HHDI","GROSSADJ","USD_CAP","A","2010",28908.9392975033,
"NLD","HHDI","GROSSADJ","USD_CAP","A","2011",29321.0824981007,
"NLD","HHDI","GROSSADJ","USD_CAP","A","2012",29398.851236419,
"NLD","HHDI","GROSSADJ","USD_CAP","A","2013",29483.7440083324,
"NLD","HHDI","GROSSADJ","USD_CAP","A","2014",29581.208767305,
"CZE","HHDI","GROSSADJ","USD_CAP","A","1995",9480.28389412305,
"CZE","HHDI","GROSSADJ","USD_CAP","A","1996",10256.674793529,
"CZE","HHDI","GROSSADJ","USD_CAP","A","1997",10676.3223195503,
"CZE","HHDI","GROSSADJ","USD_CAP","A","1998",10611.91696916,
"CZE","HHDI","GROSSADJ","USD_CAP","A","1999",11012.2280045625,
"CZE","HHDI","GROSSADJ","USD_CAP","A","2000",12004.0078715279,
"CZE","HHDI","GROSSADJ","USD_CAP","A","2001",12962.9031377467,
"CZE","HHDI","GROSSADJ","USD_CAP","A","2002",13744.9714181895,
"CZE","HHDI","GROSSADJ","USD_CAP","A","2003",14317.1502231559,
"CZE","HHDI","GROSSADJ","USD_CAP","A","2004",15020.5706923734,
"CZE","HHDI","GROSSADJ","USD_CAP","A","2005",15437.1292829146,
"CZE","HHDI","GROSSADJ","USD_CAP","A","2006",16383.9179211416,
"CZE","HHDI","GROSSADJ","USD_CAP","A","2007",17392.0290989599,
"CZE","HHDI","GROSSADJ","USD_CAP","A","2008",17181.5981637045,
"CZE","HHDI","GROSSADJ","USD_CAP","A","2009",17961.9716235414,
"CZE","HHDI","GROSSADJ","USD_CAP","A","2010",18310.7965224016,
"CZE","HHDI","GROSSADJ","USD_CAP","A","2011",18929.7631006514,
"CZE","HHDI","GROSSADJ","USD_CAP","A","2012",19208.3027492678,
"CZE","HHDI","GROSSADJ","USD_CAP","A","2013",19897.4098998637,
"CZE","HHDI","GROSSADJ","USD_CAP","A","2014",20295.9465143542,
"EU","HHDI","GROSSADJ","USD_CAP","A","1999",16200.8563171999,
"EU","HHDI","GROSSADJ","USD_CAP","A","2000",17721.2100154745,
"EU","HHDI","GROSSADJ","USD_CAP","A","2001",18882.7122246091,
"EU","HHDI","GROSSADJ","USD_CAP","A","2002",20098.5122102299,
"EU","HHDI","GROSSADJ","USD_CAP","A","2003",20314.8722335643,
"EU","HHDI","GROSSADJ","USD_CAP","A","2004",21149.9001695668,
"EU","HHDI","GROSSADJ","USD_CAP","A","2005",21687.5091562193,
"EU","HHDI","GROSSADJ","USD_CAP","A","2006",22760.6325221429,
"EU","HHDI","GROSSADJ","USD_CAP","A","2007",23733.6868688094,
"EU","HHDI","GROSSADJ","USD_CAP","A","2008",24771.7511946976,
"EU","HHDI","GROSSADJ","USD_CAP","A","2009",24889.0429900609,
"EU","HHDI","GROSSADJ","USD_CAP","A","2010",25364.6963119239,
"EU","HHDI","GROSSADJ","USD_CAP","A","2011",25778.1913480391,
"EU","HHDI","GROSSADJ","USD_CAP","A","2012",26311.8395198533,
"EU","HHDI","GROSSADJ","USD_CAP","A","2013",26599.2137865602,
"EU","HHDI","GROSSADJ","USD_CAP","A","2014",26644.9061664517,
"DEU","HHDI","GROSSADJ","USD_CAP","A","1995",18674.3480622883,
"DEU","HHDI","GROSSADJ","USD_CAP","A","1996",19280.0556185645,
"DEU","HHDI","GROSSADJ","USD_CAP","A","1997",19511.3136713025,
"DEU","HHDI","GROSSADJ","USD_CAP","A","1998",19766.7497946874,
"DEU","HHDI","GROSSADJ","USD_CAP","A","1999",20621.2592330425,
"DEU","HHDI","GROSSADJ","USD_CAP","A","2000",21759.5294495382,
"DEU","HHDI","GROSSADJ","USD_CAP","A","2001",22760.7014059316,
"DEU","HHDI","GROSSADJ","USD_CAP","A","2002",23759.5986787309,
"DEU","HHDI","GROSSADJ","USD_CAP","A","2003",24643.3063195181,
"DEU","HHDI","GROSSADJ","USD_CAP","A","2004",25430.9945690796,
"DEU","HHDI","GROSSADJ","USD_CAP","A","2005",26668.2032923166,
"DEU","HHDI","GROSSADJ","USD_CAP","A","2006",27715.7997902268,
"DEU","HHDI","GROSSADJ","USD_CAP","A","2007",28706.2853348013,
"DEU","HHDI","GROSSADJ","USD_CAP","A","2008",29982.8450422372,
"DEU","HHDI","GROSSADJ","USD_CAP","A","2009",29677.5277258622,
"DEU","HHDI","GROSSADJ","USD_CAP","A","2010",31530.1932537241,
"DEU","HHDI","GROSSADJ","USD_CAP","A","2011",32742.1118106941,
"DEU","HHDI","GROSSADJ","USD_CAP","A","2012",33845.8399330651,
"DEU","HHDI","GROSSADJ","USD_CAP","A","2013",34286.2419738498,
"DEU","HHDI","GROSSADJ","USD_CAP","A","2014",34887.770541281,
"EA","HHDI","GROSSADJ","USD_CAP","A","1999",18249.1775718954,
"EA","HHDI","GROSSADJ","USD_CAP","A","2000",19855.046476501,
"EA","HHDI","GROSSADJ","USD_CAP","A","2001",21092.5926849473,
"EA","HHDI","GROSSADJ","USD_CAP","A","2002",22333.975237877,
"EA","HHDI","GROSSADJ","USD_CAP","A","2003",22435.5766236211,
"EA","HHDI","GROSSADJ","USD_CAP","A","2004",23182.8986165747,
"EA","HHDI","GROSSADJ","USD_CAP","A","2005",23799.3772856817,
"EA","HHDI","GROSSADJ","USD_CAP","A","2006",24910.8647920201,
"EA","HHDI","GROSSADJ","USD_CAP","A","2007",25917.2702890934,
"EA","HHDI","GROSSADJ","USD_CAP","A","2008",27072.8551881741,
"EA","HHDI","GROSSADJ","USD_CAP","A","2009",26882.5071510498,
"EA","HHDI","GROSSADJ","USD_CAP","A","2010",27607.1593622251,
"EA","HHDI","GROSSADJ","USD_CAP","A","2011",28013.8590524298,
"EA","HHDI","GROSSADJ","USD_CAP","A","2012",28359.301581064,
"EA","HHDI","GROSSADJ","USD_CAP","A","2013",28730.9614509886,
"EA","HHDI","GROSSADJ","USD_CAP","A","2014",28841.5877316839,
"GRC","HHDI","GROSSADJ","USD_CAP","A","2006",21989.0537626772,
"GRC","HHDI","GROSSADJ","USD_CAP","A","2007",23097.0659562171,
"GRC","HHDI","GROSSADJ","USD_CAP","A","2008",24848.9029187424,
"GRC","HHDI","GROSSADJ","USD_CAP","A","2009",25036.5298583461,
"GRC","HHDI","GROSSADJ","USD_CAP","A","2010",23181.3789483899,
"GRC","HHDI","GROSSADJ","USD_CAP","A","2011",21209.9819385341,
"GRC","HHDI","GROSSADJ","USD_CAP","A","2012",20319.7227809526,
"GRC","HHDI","GROSSADJ","USD_CAP","A","2013",19812.8131657826,
"GRC","HHDI","GROSSADJ","USD_CAP","A","2014",19322.2756806126,
"PRT","HHDI","GROSSADJ","USD_CAP","A","1995",10941.1918532824,
"PRT","HHDI","GROSSADJ","USD_CAP","A","1996",11367.1147084246,
"PRT","HHDI","GROSSADJ","USD_CAP","A","1997",11827.1235541641,
"PRT","HHDI","GROSSADJ","USD_CAP","A","1998",12351.6577161276,
"PRT","HHDI","GROSSADJ","USD_CAP","A","1999",13261.0714604167,
"PRT","HHDI","GROSSADJ","USD_CAP","A","2000",14503.9132111526,
"PRT","HHDI","GROSSADJ","USD_CAP","A","2001",15120.1268794374,
"PRT","HHDI","GROSSADJ","USD_CAP","A","2002",15987.4694145866,
"PRT","HHDI","GROSSADJ","USD_CAP","A","2003",16127.136502543,
"PRT","HHDI","GROSSADJ","USD_CAP","A","2004",16868.8899063468,
"PRT","HHDI","GROSSADJ","USD_CAP","A","2005",18153.6879931115,
"PRT","HHDI","GROSSADJ","USD_CAP","A","2006",18945.9621857593,
"PRT","HHDI","GROSSADJ","USD_CAP","A","2007",19547.0588041677,
"PRT","HHDI","GROSSADJ","USD_CAP","A","2008",20432.3205377019,
"PRT","HHDI","GROSSADJ","USD_CAP","A","2009",20652.0575184238,
"PRT","HHDI","GROSSADJ","USD_CAP","A","2010",21275.1645426078,
"PRT","HHDI","GROSSADJ","USD_CAP","A","2011",20916.9778073354,
"PRT","HHDI","GROSSADJ","USD_CAP","A","2012",21256.1256227545,
"PRT","HHDI","GROSSADJ","USD_CAP","A","2013",21383.6241346144,
"PRT","HHDI","GROSSADJ","USD_CAP","A","2014",21402.7745631256,"E"
"AUS","HHDI","GROSSADJ","USD_CAP","A","1970",3471.97375714901,
"AUS","HHDI","GROSSADJ","USD_CAP","A","1971",3626.37761602011,
"AUS","HHDI","GROSSADJ","USD_CAP","A","1972",3931.14797611088,
"AUS","HHDI","GROSSADJ","USD_CAP","A","1973",4417.13268942774,
"AUS","HHDI","GROSSADJ","USD_CAP","A","1974",4893.64910332656,
"AUS","HHDI","GROSSADJ","USD_CAP","A","1975",5308.14868343486,
"AUS","HHDI","GROSSADJ","USD_CAP","A","1976",5713.45900166104,
"AUS","HHDI","GROSSADJ","USD_CAP","A","1977",6070.70193463026,
"AUS","HHDI","GROSSADJ","USD_CAP","A","1978",6619.52407475415,
"AUS","HHDI","GROSSADJ","USD_CAP","A","1979",7211.8318855612,
"AUS","HHDI","GROSSADJ","USD_CAP","A","1980",8108.08195274198,
"AUS","HHDI","GROSSADJ","USD_CAP","A","1981",9040.4550848431,
"AUS","HHDI","GROSSADJ","USD_CAP","A","1982",9353.55072595911,
"AUS","HHDI","GROSSADJ","USD_CAP","A","1983",10035.2718794721,
"AUS","HHDI","GROSSADJ","USD_CAP","A","1984",10578.2298611574,
"AUS","HHDI","GROSSADJ","USD_CAP","A","1985",11065.1819665223,
"AUS","HHDI","GROSSADJ","USD_CAP","A","1986",11187.4267951037,
"AUS","HHDI","GROSSADJ","USD_CAP","A","1987",11690.5002534565,
"AUS","HHDI","GROSSADJ","USD_CAP","A","1988",12592.9725335213,
"AUS","HHDI","GROSSADJ","USD_CAP","A","1989",13452.4134636093,
"AUS","HHDI","GROSSADJ","USD_CAP","A","1990",13886.8484355732,
"AUS","HHDI","GROSSADJ","USD_CAP","A","1991",14231.3253182145,
"AUS","HHDI","GROSSADJ","USD_CAP","A","1992",14777.8246631086,
"AUS","HHDI","GROSSADJ","USD_CAP","A","1993",15342.5493107651,
"AUS","HHDI","GROSSADJ","USD_CAP","A","1994",16058.8536348342,
"AUS","HHDI","GROSSADJ","USD_CAP","A","1995",16748.9129667988,
"AUS","HHDI","GROSSADJ","USD_CAP","A","1996",17575.7840197704,
"AUS","HHDI","GROSSADJ","USD_CAP","A","1997",18148.1676135797,
"AUS","HHDI","GROSSADJ","USD_CAP","A","1998",18928.5558515403,
"AUS","HHDI","GROSSADJ","USD_CAP","A","1999",19733.6678286442,
"AUS","HHDI","GROSSADJ","USD_CAP","A","2000",21367.9129903524,
"AUS","HHDI","GROSSADJ","USD_CAP","A","2001",22452.5065553705,
"AUS","HHDI","GROSSADJ","USD_CAP","A","2002",23338.513185535,
"AUS","HHDI","GROSSADJ","USD_CAP","A","2003",24244.9826576005,
"AUS","HHDI","GROSSADJ","USD_CAP","A","2004",25983.93935807,
"AUS","HHDI","GROSSADJ","USD_CAP","A","2005",26305.9636839051,
"AUS","HHDI","GROSSADJ","USD_CAP","A","2006",27312.7528685602,
"AUS","HHDI","GROSSADJ","USD_CAP","A","2007",29300.9593940719,
"AUS","HHDI","GROSSADJ","USD_CAP","A","2008",30653.6843020212,
"AUS","HHDI","GROSSADJ","USD_CAP","A","2009",30647.3086383526,
"AUS","HHDI","GROSSADJ","USD_CAP","A","2010",32123.4427538289,
"AUS","HHDI","GROSSADJ","USD_CAP","A","2011",33668.4857853777,
"AUS","HHDI","GROSSADJ","USD_CAP","A","2012",33753.0702576109,
"AUS","HHDI","GROSSADJ","USD_CAP","A","2013",35474.3760865639,
"AUS","HHDI","GROSSADJ","USD_CAP","A","2014",35743.8673168294,
"CHL","HHDI","GROSSADJ","USD_CAP","A","2008",10940.9496438947,
"CHL","HHDI","GROSSADJ","USD_CAP","A","2009",11539.9093550088,
"CHL","HHDI","GROSSADJ","USD_CAP","A","2010",12119.9437632232,
"CHL","HHDI","GROSSADJ","USD_CAP","A","2011",13696.4019876043,
"CHL","HHDI","GROSSADJ","USD_CAP","A","2012",14973.9206022153,
"CHL","HHDI","GROSSADJ","USD_CAP","A","2013",15550.2395909999,
"ITA","HHDI","GROSSADJ","USD_CAP","A","1995",17629.8907777946,
"ITA","HHDI","GROSSADJ","USD_CAP","A","1996",18111.6103963845,
"ITA","HHDI","GROSSADJ","USD_CAP","A","1997",18524.8420961347,
"ITA","HHDI","GROSSADJ","USD_CAP","A","1998",18967.3810800633,
"ITA","HHDI","GROSSADJ","USD_CAP","A","1999",19391.1850379392,
"ITA","HHDI","GROSSADJ","USD_CAP","A","2000",20956.094846542,
"ITA","HHDI","GROSSADJ","USD_CAP","A","2001",22631.8775607503,
"ITA","HHDI","GROSSADJ","USD_CAP","A","2002",22583.3910252701,
"ITA","HHDI","GROSSADJ","USD_CAP","A","2003",22805.8932426335,
"ITA","HHDI","GROSSADJ","USD_CAP","A","2004",23188.1315380624,
"ITA","HHDI","GROSSADJ","USD_CAP","A","2005",23522.1349544587,
"ITA","HHDI","GROSSADJ","USD_CAP","A","2006",24766.9286633393,
"ITA","HHDI","GROSSADJ","USD_CAP","A","2007",25908.6954519979,
"ITA","HHDI","GROSSADJ","USD_CAP","A","2008",27206.7401273234,
"ITA","HHDI","GROSSADJ","USD_CAP","A","2009",26443.4138270217,
"ITA","HHDI","GROSSADJ","USD_CAP","A","2010",27239.8351922792,
"ITA","HHDI","GROSSADJ","USD_CAP","A","2011",27324.8607201065,
"ITA","HHDI","GROSSADJ","USD_CAP","A","2012",26826.7179662121,
"ITA","HHDI","GROSSADJ","USD_CAP","A","2013",26712.3030674951,
"ITA","HHDI","GROSSADJ","USD_CAP","A","2014",26411.0244191083,
"CAN","HHDI","GROSSADJ","USD_CAP","A","1993",17295.190529361,"E"
"CAN","HHDI","GROSSADJ","USD_CAP","A","1994",17489.2496473415,"E"
"CAN","HHDI","GROSSADJ","USD_CAP","A","1995",17844.7322800858,"E"
"CAN","HHDI","GROSSADJ","USD_CAP","A","1996",18043.821347137,"E"
"CAN","HHDI","GROSSADJ","USD_CAP","A","1997",18488.2393676478,"E"
"CAN","HHDI","GROSSADJ","USD_CAP","A","1998",19009.7118881471,"E"
"CAN","HHDI","GROSSADJ","USD_CAP","A","1999",19797.9727133566,"E"
"CAN","HHDI","GROSSADJ","USD_CAP","A","2000",20963.6501834536,"E"
"CAN","HHDI","GROSSADJ","USD_CAP","A","2001",21713.5077426855,"E"
"CAN","HHDI","GROSSADJ","USD_CAP","A","2002",22281.0754924551,"E"
"CAN","HHDI","GROSSADJ","USD_CAP","A","2003",22920.9771555509,"E"
"CAN","HHDI","GROSSADJ","USD_CAP","A","2004",24105.6175969013,"E"
"CAN","HHDI","GROSSADJ","USD_CAP","A","2005",25084.5049113438,"E"
"CAN","HHDI","GROSSADJ","USD_CAP","A","2006",26146.7323933524,"E"
"CAN","HHDI","GROSSADJ","USD_CAP","A","2007",27488.6346587306,"E"
"CAN","HHDI","GROSSADJ","USD_CAP","A","2008",28350.0077160599,"E"
"CAN","HHDI","GROSSADJ","USD_CAP","A","2009",28219.6030584402,"E"
"CAN","HHDI","GROSSADJ","USD_CAP","A","2010",29124.4770922673,"E"
"CAN","HHDI","GROSSADJ","USD_CAP","A","2011",29961.7246451615,
"CAN","HHDI","GROSSADJ","USD_CAP","A","2012",30613.4724347394,
"CAN","HHDI","GROSSADJ","USD_CAP","A","2013",31635.4072587684,
"CAN","HHDI","GROSSADJ","USD_CAP","A","2014",31891.8929249255,
"SVN","HHDI","GROSSADJ","USD_CAP","A","1995",10472.1758763126,
"SVN","HHDI","GROSSADJ","USD_CAP","A","1996",11057.0742243248,
"SVN","HHDI","GROSSADJ","USD_CAP","A","1997",11848.7167896819,
"SVN","HHDI","GROSSADJ","USD_CAP","A","1998",12198.1231788749,
"SVN","HHDI","GROSSADJ","USD_CAP","A","1999",12778.162115297,
"SVN","HHDI","GROSSADJ","USD_CAP","A","2000",14076.1947229794,
"SVN","HHDI","GROSSADJ","USD_CAP","A","2001",14832.4464349595,
"SVN","HHDI","GROSSADJ","USD_CAP","A","2002",16115.6373947721,
"SVN","HHDI","GROSSADJ","USD_CAP","A","2003",16025.3984689686,
"SVN","HHDI","GROSSADJ","USD_CAP","A","2004",16899.604797607,
"SVN","HHDI","GROSSADJ","USD_CAP","A","2005",17557.6887037284,
"SVN","HHDI","GROSSADJ","USD_CAP","A","2006",18498.6315082583,
"SVN","HHDI","GROSSADJ","USD_CAP","A","2007",19382.376581306,
"SVN","HHDI","GROSSADJ","USD_CAP","A","2008",20629.6716974756,"B"
"SVN","HHDI","GROSSADJ","USD_CAP","A","2009",19901.0257122421,
"SVN","HHDI","GROSSADJ","USD_CAP","A","2010",20283.5605312141,
"SVN","HHDI","GROSSADJ","USD_CAP","A","2011",20793.6029598487,
"SVN","HHDI","GROSSADJ","USD_CAP","A","2012",20681.3493796009,
"SVN","HHDI","GROSSADJ","USD_CAP","A","2013",20546.6372849314,
"SVN","HHDI","GROSSADJ","USD_CAP","A","2014",20935.2173676636,
"CHE","HHDI","GROSSADJ","USD_CAP","A","1995",19598.622226942,
"CHE","HHDI","GROSSADJ","USD_CAP","A","1996",20136.2899150559,
"CHE","HHDI","GROSSADJ","USD_CAP","A","1997",21012.0076626651,
"CHE","HHDI","GROSSADJ","USD_CAP","A","1998",21694.2418331529,
"CHE","HHDI","GROSSADJ","USD_CAP","A","1999",22231.7938016414,
"CHE","HHDI","GROSSADJ","USD_CAP","A","2000",24033.7048939792,
"CHE","HHDI","GROSSADJ","USD_CAP","A","2001",25086.5366613169,
"CHE","HHDI","GROSSADJ","USD_CAP","A","2002",26382.0941136877,
"CHE","HHDI","GROSSADJ","USD_CAP","A","2003",25772.5389025142,
"CHE","HHDI","GROSSADJ","USD_CAP","A","2004",26614.9892216938,
"CHE","HHDI","GROSSADJ","USD_CAP","A","2005",26871.0054901019,
"CHE","HHDI","GROSSADJ","USD_CAP","A","2006",28312.9341116883,
"CHE","HHDI","GROSSADJ","USD_CAP","A","2007",30621.2743397911,
"CHE","HHDI","GROSSADJ","USD_CAP","A","2008",32243.1652358148,
"CHE","HHDI","GROSSADJ","USD_CAP","A","2009",32610.4645250958,
"CHE","HHDI","GROSSADJ","USD_CAP","A","2010",32827.7279660446,
"CHE","HHDI","GROSSADJ","USD_CAP","A","2011",34130.4148868985,
"CHE","HHDI","GROSSADJ","USD_CAP","A","2012",36646.8607487862,
"CHE","HHDI","GROSSADJ","USD_CAP","A","2013",37944.1515709119,
"ZAF","HHDI","GROSSADJ","USD_CAP","A","2008",7612.74769881985,
"ZAF","HHDI","GROSSADJ","USD_CAP","A","2009",7734.12908144203,
"ZAF","HHDI","GROSSADJ","USD_CAP","A","2010",7836.7838236933,
"ZAF","HHDI","GROSSADJ","USD_CAP","A","2011",8357.12131310381,
"ZAF","HHDI","GROSSADJ","USD_CAP","A","2012",8647.08932042635,
"ZAF","HHDI","GROSSADJ","USD_CAP","A","2013",8912.82276409524,
"ZAF","HHDI","GROSSADJ","USD_CAP","A","2014",9051.71693196503,
"SVK","HHDI","GROSSADJ","USD_CAP","A","1995",5790.87523647588,
"SVK","HHDI","GROSSADJ","USD_CAP","A","1996",7179.10590499119,
"SVK","HHDI","GROSSADJ","USD_CAP","A","1997",8071.16831433107,
"SVK","HHDI","GROSSADJ","USD_CAP","A","1998",8505.15105472979,
"SVK","HHDI","GROSSADJ","USD_CAP","A","1999",8259.51964525985,
"SVK","HHDI","GROSSADJ","USD_CAP","A","2000",8821.69010540833,
"SVK","HHDI","GROSSADJ","USD_CAP","A","2001",9680.11255455038,
"SVK","HHDI","GROSSADJ","USD_CAP","A","2002",10683.7020886964,
"SVK","HHDI","GROSSADJ","USD_CAP","A","2003",10535.5702184887,
"SVK","HHDI","GROSSADJ","USD_CAP","A","2004",11079.9387612662,
"SVK","HHDI","GROSSADJ","USD_CAP","A","2005",11935.1772102369,
"SVK","HHDI","GROSSADJ","USD_CAP","A","2006",12798.4774502404,
"SVK","HHDI","GROSSADJ","USD_CAP","A","2007",14712.5449323129,
"SVK","HHDI","GROSSADJ","USD_CAP","A","2008",16271.4752828135,
"SVK","HHDI","GROSSADJ","USD_CAP","A","2009",16641.9750834089,
"SVK","HHDI","GROSSADJ","USD_CAP","A","2010",17891.9439756038,
"SVK","HHDI","GROSSADJ","USD_CAP","A","2011",17980.6046203234,
"SVK","HHDI","GROSSADJ","USD_CAP","A","2012",18504.3194819009,
"SVK","HHDI","GROSSADJ","USD_CAP","A","2013",19489.6130662981,
"SVK","HHDI","GROSSADJ","USD_CAP","A","2014",20362.5808634528,
"IRL","HHDI","GROSSADJ","USD_CAP","A","1999",15399.9756285488,
"IRL","HHDI","GROSSADJ","USD_CAP","A","2000",16833.3439698167,
"IRL","HHDI","GROSSADJ","USD_CAP","A","2001",18378.6496618184,
"IRL","HHDI","GROSSADJ","USD_CAP","A","2002",19560.3509468867,
"IRL","HHDI","GROSSADJ","USD_CAP","A","2003",20459.713985166,
"IRL","HHDI","GROSSADJ","USD_CAP","A","2004",21673.2610762082,
"IRL","HHDI","GROSSADJ","USD_CAP","A","2005",22902.6372883043,
"IRL","HHDI","GROSSADJ","USD_CAP","A","2006",23708.1137492739,
"IRL","HHDI","GROSSADJ","USD_CAP","A","2007",24918.7744534419,
"IRL","HHDI","GROSSADJ","USD_CAP","A","2008",25390.2771370689,
"IRL","HHDI","GROSSADJ","USD_CAP","A","2009",24941.9982142582,
"IRL","HHDI","GROSSADJ","USD_CAP","A","2010",25031.8423469143,
"IRL","HHDI","GROSSADJ","USD_CAP","A","2011",24234.1010281972,
"IRL","HHDI","GROSSADJ","USD_CAP","A","2012",24481.1233868412,
"IRL","HHDI","GROSSADJ","USD_CAP","A","2013",23975.3620731425,
"IRL","HHDI","GROSSADJ","USD_CAP","A","2014",24058.3092592449,
"MEX","HHDI","GROSSADJ","USD_CAP","A","2003",9319.68142990381,
"MEX","HHDI","GROSSADJ","USD_CAP","A","2004",9815.73502988987,
"MEX","HHDI","GROSSADJ","USD_CAP","A","2005",10339.3729812567,
"MEX","HHDI","GROSSADJ","USD_CAP","A","2006",11347.2594879633,
"MEX","HHDI","GROSSADJ","USD_CAP","A","2007",11779.5369103471,
"MEX","HHDI","GROSSADJ","USD_CAP","A","2008",12441.3813653046,
"MEX","HHDI","GROSSADJ","USD_CAP","A","2009",11490.5320367457,
"MEX","HHDI","GROSSADJ","USD_CAP","A","2010",12228.4809336979,
"MEX","HHDI","GROSSADJ","USD_CAP","A","2011",12843.327806452,
"MEX","HHDI","GROSSADJ","USD_CAP","A","2012",13250.0681553539,
"MEX","HHDI","GROSSADJ","USD_CAP","A","2013",13371.1213333612,
"POL","HHDI","GROSSADJ","USD_CAP","A","2000",9279.33538635318,"E"
"POL","HHDI","GROSSADJ","USD_CAP","A","2001",9741.96741687202,"E"
"POL","HHDI","GROSSADJ","USD_CAP","A","2002",10372.7100408214,"E"
"POL","HHDI","GROSSADJ","USD_CAP","A","2003",10404.9857351972,"E"
"POL","HHDI","GROSSADJ","USD_CAP","A","2004",10673.1371127728,"E"
"POL","HHDI","GROSSADJ","USD_CAP","A","2005",10818.1003012686,"E"
"POL","HHDI","GROSSADJ","USD_CAP","A","2006",11559.7453736027,"E"
"POL","HHDI","GROSSADJ","USD_CAP","A","2007",12924.5142945417,"E"
"POL","HHDI","GROSSADJ","USD_CAP","A","2008",13783.5263997598,"E"
"POL","HHDI","GROSSADJ","USD_CAP","A","2009",14721.196932155,"E"
"POL","HHDI","GROSSADJ","USD_CAP","A","2010",15814.5880618783,"E"
"POL","HHDI","GROSSADJ","USD_CAP","A","2011",16510.0478050159,"E"
"POL","HHDI","GROSSADJ","USD_CAP","A","2012",17608.2983797291,"E"
"POL","HHDI","GROSSADJ","USD_CAP","A","2013",17963.7907517644,"E"
"POL","HHDI","GROSSADJ","USD_CAP","A","2014",18280.8837655084,"E"
"BEL","HHDI","GROSSADJ","USD_CAP","A","1995",17889.8117393186,
"BEL","HHDI","GROSSADJ","USD_CAP","A","1996",18127.9298038637,
"BEL","HHDI","GROSSADJ","USD_CAP","A","1997",18510.2310165019,
"BEL","HHDI","GROSSADJ","USD_CAP","A","1998",18723.7985524485,
"BEL","HHDI","GROSSADJ","USD_CAP","A","1999",19400.0648236721,
"BEL","HHDI","GROSSADJ","USD_CAP","A","2000",21890.9192536504,
"BEL","HHDI","GROSSADJ","USD_CAP","A","2001",22823.5601339166,
"BEL","HHDI","GROSSADJ","USD_CAP","A","2002",24272.219390648,
"BEL","HHDI","GROSSADJ","USD_CAP","A","2003",23752.5608907218,
"BEL","HHDI","GROSSADJ","USD_CAP","A","2004",24455.339176089,
"BEL","HHDI","GROSSADJ","USD_CAP","A","2005",24331.6564977041,
"BEL","HHDI","GROSSADJ","USD_CAP","A","2006",25242.6260805282,
"BEL","HHDI","GROSSADJ","USD_CAP","A","2007",25982.0396837685,
"BEL","HHDI","GROSSADJ","USD_CAP","A","2008",27509.3758017425,
"BEL","HHDI","GROSSADJ","USD_CAP","A","2009",27866.0459648792,
"BEL","HHDI","GROSSADJ","USD_CAP","A","2010",28299.7938664574,
"BEL","HHDI","GROSSADJ","USD_CAP","A","2011",29156.4269550471,
"BEL","HHDI","GROSSADJ","USD_CAP","A","2012",30050.5470584413,
"BEL","HHDI","GROSSADJ","USD_CAP","A","2013",30586.2144763184,
"BEL","HHDI","GROSSADJ","USD_CAP","A","2014",30649.0470396187,
"SWE","HHDI","GROSSADJ","USD_CAP","A","1995",14966.485348145,
"SWE","HHDI","GROSSADJ","USD_CAP","A","1996",15272.7375182009,
"SWE","HHDI","GROSSADJ","USD_CAP","A","1997",15321.8289614524,
"SWE","HHDI","GROSSADJ","USD_CAP","A","1998",15807.4235709308,
"SWE","HHDI","GROSSADJ","USD_CAP","A","1999",16916.1484909857,
"SWE","HHDI","GROSSADJ","USD_CAP","A","2000",18801.9942657913,
"SWE","HHDI","GROSSADJ","USD_CAP","A","2001",19921.8581773202,
"SWE","HHDI","GROSSADJ","USD_CAP","A","2002",21501.5718861088,
"SWE","HHDI","GROSSADJ","USD_CAP","A","2003",21680.478254844,
"SWE","HHDI","GROSSADJ","USD_CAP","A","2004",22297.9544872189,
"SWE","HHDI","GROSSADJ","USD_CAP","A","2005",22274.661839577,
"SWE","HHDI","GROSSADJ","USD_CAP","A","2006",23617.3335130309,
"SWE","HHDI","GROSSADJ","USD_CAP","A","2007",25477.2780952162,
"SWE","HHDI","GROSSADJ","USD_CAP","A","2008",26979.8261583154,
"SWE","HHDI","GROSSADJ","USD_CAP","A","2009",27161.801583823,
"SWE","HHDI","GROSSADJ","USD_CAP","A","2010",27428.7468591725,
"SWE","HHDI","GROSSADJ","USD_CAP","A","2011",28682.5826702716,
"SWE","HHDI","GROSSADJ","USD_CAP","A","2012",30045.2076316936,
"SWE","HHDI","GROSSADJ","USD_CAP","A","2013",29546.9461086533,
"SWE","HHDI","GROSSADJ","USD_CAP","A","2014",29619.3745615661,
"ESP","HHDI","GROSSADJ","USD_CAP","A","1999",15104.5907280443,
"ESP","HHDI","GROSSADJ","USD_CAP","A","2000",17150.355553267,
"ESP","HHDI","GROSSADJ","USD_CAP","A","2001",18325.9568784544,
"ESP","HHDI","GROSSADJ","USD_CAP","A","2002",20064.6337206563,
"ESP","HHDI","GROSSADJ","USD_CAP","A","2003",20149.4466336538,
"ESP","HHDI","GROSSADJ","USD_CAP","A","2004",20838.5864574389,
"ESP","HHDI","GROSSADJ","USD_CAP","A","2005",21239.1405261321,
"ESP","HHDI","GROSSADJ","USD_CAP","A","2006",22232.7494151396,
"ESP","HHDI","GROSSADJ","USD_CAP","A","2007",22453.6891745451,
"ESP","HHDI","GROSSADJ","USD_CAP","A","2008",23535.0825572436,
"ESP","HHDI","GROSSADJ","USD_CAP","A","2009",23829.1251567249,
"ESP","HHDI","GROSSADJ","USD_CAP","A","2010",23343.8967727238,
"ESP","HHDI","GROSSADJ","USD_CAP","A","2011",23396.3798316259,
"ESP","HHDI","GROSSADJ","USD_CAP","A","2012",22942.7467083241,
"ESP","HHDI","GROSSADJ","USD_CAP","A","2013",23194.0924605254,
"ESP","HHDI","GROSSADJ","USD_CAP","A","2014",23501.7951741706,
"EST","HHDI","GROSSADJ","USD_CAP","A","1995",5687.18756805289,
"EST","HHDI","GROSSADJ","USD_CAP","A","1996",5965.74594258647,
"EST","HHDI","GROSSADJ","USD_CAP","A","1997",6348.93015225359,
"EST","HHDI","GROSSADJ","USD_CAP","A","1998",6639.09582073058,
"EST","HHDI","GROSSADJ","USD_CAP","A","1999",6876.78166276082,
"EST","HHDI","GROSSADJ","USD_CAP","A","2000",7555.10683587612,
"EST","HHDI","GROSSADJ","USD_CAP","A","2001",7848.14674623992,
"EST","HHDI","GROSSADJ","USD_CAP","A","2002",8605.96942621866,
"EST","HHDI","GROSSADJ","USD_CAP","A","2003",9193.08338096428,
"EST","HHDI","GROSSADJ","USD_CAP","A","2004",10034.3313870529,
"EST","HHDI","GROSSADJ","USD_CAP","A","2005",10653.7835100959,
"EST","HHDI","GROSSADJ","USD_CAP","A","2006",11942.9900158945,
"EST","HHDI","GROSSADJ","USD_CAP","A","2007",13375.3093766046,
"EST","HHDI","GROSSADJ","USD_CAP","A","2008",15009.8732147161,
"EST","HHDI","GROSSADJ","USD_CAP","A","2009",14198.4271411854,
"EST","HHDI","GROSSADJ","USD_CAP","A","2010",14371.1465236279,
"EST","HHDI","GROSSADJ","USD_CAP","A","2011",15367.0753241774,
"EST","HHDI","GROSSADJ","USD_CAP","A","2012",16306.5029990942,
"EST","HHDI","GROSSADJ","USD_CAP","A","2013",17328.5112031776,
"EST","HHDI","GROSSADJ","USD_CAP","A","2014",17608.7987809751,
"NOR","HHDI","GROSSADJ","USD_CAP","A","1978",5478.20846937822,
"NOR","HHDI","GROSSADJ","USD_CAP","A","1979",6003.80178961595,
"NOR","HHDI","GROSSADJ","USD_CAP","A","1980",6845.847799724,
"NOR","HHDI","GROSSADJ","USD_CAP","A","1981",7614.05400721546,
"NOR","HHDI","GROSSADJ","USD_CAP","A","1982",8054.73542684828,
"NOR","HHDI","GROSSADJ","USD_CAP","A","1983",8516.03673957773,
"NOR","HHDI","GROSSADJ","USD_CAP","A","1984",9088.27710476395,
"NOR","HHDI","GROSSADJ","USD_CAP","A","1985",9590.94224919305,
"NOR","HHDI","GROSSADJ","USD_CAP","A","1986",9973.4581250036,
"NOR","HHDI","GROSSADJ","USD_CAP","A","1987",10314.6162962452,
"NOR","HHDI","GROSSADJ","USD_CAP","A","1988",10728.20689797,
"NOR","HHDI","GROSSADJ","USD_CAP","A","1989",11317.9153475964,
"NOR","HHDI","GROSSADJ","USD_CAP","A","1990",11989.7635778629,
"NOR","HHDI","GROSSADJ","USD_CAP","A","1991",12753.9959541484,
"NOR","HHDI","GROSSADJ","USD_CAP","A","1992",13549.217784198,
"NOR","HHDI","GROSSADJ","USD_CAP","A","1993",14307.9563239646,
"NOR","HHDI","GROSSADJ","USD_CAP","A","1994",14845.3637352747,
"NOR","HHDI","GROSSADJ","USD_CAP","A","1995",15471.190441076,
"NOR","HHDI","GROSSADJ","USD_CAP","A","1996",16452.0168526626,
"NOR","HHDI","GROSSADJ","USD_CAP","A","1997",17233.4344150192,
"NOR","HHDI","GROSSADJ","USD_CAP","A","1998",18169.7262510033,
"NOR","HHDI","GROSSADJ","USD_CAP","A","1999",18694.1884160779,
"NOR","HHDI","GROSSADJ","USD_CAP","A","2000",20368.1799866527,
"NOR","HHDI","GROSSADJ","USD_CAP","A","2001",20724.2489273678,
"NOR","HHDI","GROSSADJ","USD_CAP","A","2002",23163.9876620446,
"NOR","HHDI","GROSSADJ","USD_CAP","A","2003",24486.3618522955,
"NOR","HHDI","GROSSADJ","USD_CAP","A","2004",25826.7511793831,
"NOR","HHDI","GROSSADJ","USD_CAP","A","2005",27092.1702183798,
"NOR","HHDI","GROSSADJ","USD_CAP","A","2006",26571.1141167618,
"NOR","HHDI","GROSSADJ","USD_CAP","A","2007",28714.2134001669,
"NOR","HHDI","GROSSADJ","USD_CAP","A","2008",29973.6555807056,
"NOR","HHDI","GROSSADJ","USD_CAP","A","2009",30777.4663263981,
"NOR","HHDI","GROSSADJ","USD_CAP","A","2010",31701.2244327535,
"NOR","HHDI","GROSSADJ","USD_CAP","A","2011",32524.5510095534,
"NOR","HHDI","GROSSADJ","USD_CAP","A","2012",33624.3718087965,
"NOR","HHDI","GROSSADJ","USD_CAP","A","2013",35085.4800538287,
"NOR","HHDI","GROSSADJ","USD_CAP","A","2014",35380.6425855645,
"KOR","HHDI","GROSSADJ","USD_CAP","A","1975",1096.59305247329,
"KOR","HHDI","GROSSADJ","USD_CAP","A","1976",1282.28969816316,
"KOR","HHDI","GROSSADJ","USD_CAP","A","1977",1470.6820307198,
"KOR","HHDI","GROSSADJ","USD_CAP","A","1978",1726.34163629117,
"KOR","HHDI","GROSSADJ","USD_CAP","A","1979",1965.63991930364,
"KOR","HHDI","GROSSADJ","USD_CAP","A","1980",1968.56908890992,
"KOR","HHDI","GROSSADJ","USD_CAP","A","1981",2237.63065468503,
"KOR","HHDI","GROSSADJ","USD_CAP","A","1982",2511.43718647092,
"KOR","HHDI","GROSSADJ","USD_CAP","A","1983",2865.82357112173,
"KOR","HHDI","GROSSADJ","USD_CAP","A","1984",3274.6667073619,
"KOR","HHDI","GROSSADJ","USD_CAP","A","1985",3621.28573283461,
"KOR","HHDI","GROSSADJ","USD_CAP","A","1986",4165.32820015362,
"KOR","HHDI","GROSSADJ","USD_CAP","A","1987",4796.66214118896,
"KOR","HHDI","GROSSADJ","USD_CAP","A","1988",5463.9483289866,
"KOR","HHDI","GROSSADJ","USD_CAP","A","1989",6103.74255667876,
"KOR","HHDI","GROSSADJ","USD_CAP","A","1990",6915.11023407999,
"KOR","HHDI","GROSSADJ","USD_CAP","A","1991",7860.09252368114,
"KOR","HHDI","GROSSADJ","USD_CAP","A","1992",8400.7517987989,
"KOR","HHDI","GROSSADJ","USD_CAP","A","1993",8987.77800298363,
"KOR","HHDI","GROSSADJ","USD_CAP","A","1994",9624.70266375525,
"KOR","HHDI","GROSSADJ","USD_CAP","A","1995",10426.824142094,
"KOR","HHDI","GROSSADJ","USD_CAP","A","1996",11245.8545759144,
"KOR","HHDI","GROSSADJ","USD_CAP","A","1997",11559.413736128,
"KOR","HHDI","GROSSADJ","USD_CAP","A","1998",11386.8140370754,
"KOR","HHDI","GROSSADJ","USD_CAP","A","1999",11722.0795806342,
"KOR","HHDI","GROSSADJ","USD_CAP","A","2000",12242.6879346085,
"KOR","HHDI","GROSSADJ","USD_CAP","A","2001",12675.1796256901,
"KOR","HHDI","GROSSADJ","USD_CAP","A","2002",13453.5831881878,
"KOR","HHDI","GROSSADJ","USD_CAP","A","2003",13989.5730748805,
"KOR","HHDI","GROSSADJ","USD_CAP","A","2004",14843.7655580282,
"KOR","HHDI","GROSSADJ","USD_CAP","A","2005",15494.1330043485,
"KOR","HHDI","GROSSADJ","USD_CAP","A","2006",16368.087720116,
"KOR","HHDI","GROSSADJ","USD_CAP","A","2007",17238.4079079772,
"KOR","HHDI","GROSSADJ","USD_CAP","A","2008",17924.3016636914,
"KOR","HHDI","GROSSADJ","USD_CAP","A","2009",18156.5364641052,
"KOR","HHDI","GROSSADJ","USD_CAP","A","2010",19039.3370199245,
"KOR","HHDI","GROSSADJ","USD_CAP","A","2011",19858.6347686452,
"KOR","HHDI","GROSSADJ","USD_CAP","A","2012",20575.1059940715,
"KOR","HHDI","GROSSADJ","USD_CAP","A","2013",20436.8934317512,
"KOR","HHDI","GROSSADJ","USD_CAP","A","2014",20655.4187946568,
"GBR","HHDI","GROSSADJ","USD_CAP","A","1997",18096.9715571121,
"GBR","HHDI","GROSSADJ","USD_CAP","A","1998",18471.989518561,
"GBR","HHDI","GROSSADJ","USD_CAP","A","1999",19192.9221619045,
"GBR","HHDI","GROSSADJ","USD_CAP","A","2000",21826.5207889614,
"GBR","HHDI","GROSSADJ","USD_CAP","A","2001",23267.4945537899,
"GBR","HHDI","GROSSADJ","USD_CAP","A","2002",24804.0287982974,
"GBR","HHDI","GROSSADJ","USD_CAP","A","2003",25017.8167508583,
"GBR","HHDI","GROSSADJ","USD_CAP","A","2004",26610.4552485668,
"GBR","HHDI","GROSSADJ","USD_CAP","A","2005",27056.598988549,
"GBR","HHDI","GROSSADJ","USD_CAP","A","2006",28267.8878158664,
"GBR","HHDI","GROSSADJ","USD_CAP","A","2007",28628.8896351175,
"GBR","HHDI","GROSSADJ","USD_CAP","A","2008",28533.8486258605,
"GBR","HHDI","GROSSADJ","USD_CAP","A","2009",28969.2068640811,
"GBR","HHDI","GROSSADJ","USD_CAP","A","2010",28113.1683898552,
"GBR","HHDI","GROSSADJ","USD_CAP","A","2011",27661.4446362731,
"GBR","HHDI","GROSSADJ","USD_CAP","A","2012",28691.4399894271,
"GBR","HHDI","GROSSADJ","USD_CAP","A","2013",28268.2030645666,
"GBR","HHDI","GROSSADJ","USD_CAP","A","2014",27998.8335574619,
"USA","HHDI","GROSSADJ","USD_CAP","A","1970",4108.9478226526,
"USA","HHDI","GROSSADJ","USD_CAP","A","1971",4439.26583594939,
"USA","HHDI","GROSSADJ","USD_CAP","A","1972",4773.63236218822,
"USA","HHDI","GROSSADJ","USD_CAP","A","1973",5280.29291447067,
"USA","HHDI","GROSSADJ","USD_CAP","A","1974",5743.85922262013,
"USA","HHDI","GROSSADJ","USD_CAP","A","1975",6336.66850324797,
"USA","HHDI","GROSSADJ","USD_CAP","A","1976",6828.04031437139,
"USA","HHDI","GROSSADJ","USD_CAP","A","1977",7428.42357085465,
"USA","HHDI","GROSSADJ","USD_CAP","A","1978",8206.9272197243,
"USA","HHDI","GROSSADJ","USD_CAP","A","1979",9013.97563814381,
"USA","HHDI","GROSSADJ","USD_CAP","A","1980",9925.96365808033,
"USA","HHDI","GROSSADJ","USD_CAP","A","1981",10915.2725122604,
"USA","HHDI","GROSSADJ","USD_CAP","A","1982",11603.7516471591,
"USA","HHDI","GROSSADJ","USD_CAP","A","1983",12348.2394711799,
"USA","HHDI","GROSSADJ","USD_CAP","A","1984",13514.3023934618,
"USA","HHDI","GROSSADJ","USD_CAP","A","1985",14254.1487425893,
"USA","HHDI","GROSSADJ","USD_CAP","A","1986",14992.7497995288,
"USA","HHDI","GROSSADJ","USD_CAP","A","1987",15714.2680661991,
"USA","HHDI","GROSSADJ","USD_CAP","A","1988",16930.0704722498,
"USA","HHDI","GROSSADJ","USD_CAP","A","1989",18020.3486844499,
"USA","HHDI","GROSSADJ","USD_CAP","A","1990",18988.2525051862,
"USA","HHDI","GROSSADJ","USD_CAP","A","1991",19504.5951169487,
"USA","HHDI","GROSSADJ","USD_CAP","A","1992",20590.6851106562,
"USA","HHDI","GROSSADJ","USD_CAP","A","1993",21196.241000146,
"USA","HHDI","GROSSADJ","USD_CAP","A","1994",21968.8371828206,
"USA","HHDI","GROSSADJ","USD_CAP","A","1995",22841.2381652588,
"USA","HHDI","GROSSADJ","USD_CAP","A","1996",23714.0081716188,
"USA","HHDI","GROSSADJ","USD_CAP","A","1997",24671.1948358356,
"USA","HHDI","GROSSADJ","USD_CAP","A","1998",25998.8991649587,
"USA","HHDI","GROSSADJ","USD_CAP","A","1999",27012.6875930805,
"USA","HHDI","GROSSADJ","USD_CAP","A","2000",28729.3111141014,
"USA","HHDI","GROSSADJ","USD_CAP","A","2001",29894.6445788413,
"USA","HHDI","GROSSADJ","USD_CAP","A","2002",31030.542966783,
"USA","HHDI","GROSSADJ","USD_CAP","A","2003",32297.8673621768,
"USA","HHDI","GROSSADJ","USD_CAP","A","2004",33982.2411359126,
"USA","HHDI","GROSSADJ","USD_CAP","A","2005",35254.8877845084,
"USA","HHDI","GROSSADJ","USD_CAP","A","2006",37246.4175518208,
"USA","HHDI","GROSSADJ","USD_CAP","A","2007",38571.2770470938,
"USA","HHDI","GROSSADJ","USD_CAP","A","2008",40025.8748354091,
"USA","HHDI","GROSSADJ","USD_CAP","A","2009",39573.6232261424,
"USA","HHDI","GROSSADJ","USD_CAP","A","2010",40319.8109797036,
"USA","HHDI","GROSSADJ","USD_CAP","A","2011",41884.6020783414,
"USA","HHDI","GROSSADJ","USD_CAP","A","2012",43551.4898298564,
"USA","HHDI","GROSSADJ","USD_CAP","A","2013",43348.198927531,
"USA","HHDI","GROSSADJ","USD_CAP","A","2014",44826.7867269475,
"HUN","HHDI","GROSSADJ","USD_CAP","A","1995",8377.77122387431,
"HUN","HHDI","GROSSADJ","USD_CAP","A","1996",8297.23334926412,
"HUN","HHDI","GROSSADJ","USD_CAP","A","1997",8431.34566963021,
"HUN","HHDI","GROSSADJ","USD_CAP","A","1998",8683.99558133867,
"HUN","HHDI","GROSSADJ","USD_CAP","A","1999",9013.30267340055,
"HUN","HHDI","GROSSADJ","USD_CAP","A","2000",9738.27529776239,
"HUN","HHDI","GROSSADJ","USD_CAP","A","2001",10632.2176671512,
"HUN","HHDI","GROSSADJ","USD_CAP","A","2002",11801.3682350944,
"HUN","HHDI","GROSSADJ","USD_CAP","A","2003",12185.5827186565,
"HUN","HHDI","GROSSADJ","USD_CAP","A","2004",12855.1975181907,
"HUN","HHDI","GROSSADJ","USD_CAP","A","2005",13289.7442712928,
"HUN","HHDI","GROSSADJ","USD_CAP","A","2006",13833.4535608262,
"HUN","HHDI","GROSSADJ","USD_CAP","A","2007",13748.2575279448,
"HUN","HHDI","GROSSADJ","USD_CAP","A","2008",14170.9658892179,
"HUN","HHDI","GROSSADJ","USD_CAP","A","2009",14308.3691797667,
"HUN","HHDI","GROSSADJ","USD_CAP","A","2010",14839.8977655457,
"HUN","HHDI","GROSSADJ","USD_CAP","A","2011",15801.3510544036,
"HUN","HHDI","GROSSADJ","USD_CAP","A","2012",15944.1057356063,
"HUN","HHDI","GROSSADJ","USD_CAP","A","2013",16413.3543168609,
"HUN","HHDI","GROSSADJ","USD_CAP","A","2014",16742.2292218072,
"FIN","HHDI","GROSSADJ","USD_CAP","A","1995",12848.4527303612,
"FIN","HHDI","GROSSADJ","USD_CAP","A","1996",13076.7587883167,
"FIN","HHDI","GROSSADJ","USD_CAP","A","1997",13995.5193260929,
"FIN","HHDI","GROSSADJ","USD_CAP","A","1998",14623.1119797618,
"FIN","HHDI","GROSSADJ","USD_CAP","A","1999",15630.5813594615,
"FIN","HHDI","GROSSADJ","USD_CAP","A","2000",17066.0617167697,
"FIN","HHDI","GROSSADJ","USD_CAP","A","2001",17531.1076321833,
"FIN","HHDI","GROSSADJ","USD_CAP","A","2002",19074.4077182457,
"FIN","HHDI","GROSSADJ","USD_CAP","A","2003",19426.6527208104,
"FIN","HHDI","GROSSADJ","USD_CAP","A","2004",20834.8573190458,
"FIN","HHDI","GROSSADJ","USD_CAP","A","2005",21231.4118590616,
"FIN","HHDI","GROSSADJ","USD_CAP","A","2006",22471.192879469,
"FIN","HHDI","GROSSADJ","USD_CAP","A","2007",24276.5192415031,
"FIN","HHDI","GROSSADJ","USD_CAP","A","2008",26121.5246030312,
"FIN","HHDI","GROSSADJ","USD_CAP","A","2009",26535.6499811604,
"FIN","HHDI","GROSSADJ","USD_CAP","A","2010",27508.4862385804,
"FIN","HHDI","GROSSADJ","USD_CAP","A","2011",28492.8393003156,
"FIN","HHDI","GROSSADJ","USD_CAP","A","2012",29549.9345594702,
"FIN","HHDI","GROSSADJ","USD_CAP","A","2013",29958.8315850648,
"FIN","HHDI","GROSSADJ","USD_CAP","A","2014",29700.6074100249,
"AUT","HHDI","GROSSADJ","USD_CAP","A","1995",18591.9563471428,
"AUT","HHDI","GROSSADJ","USD_CAP","A","1996",18981.865572447,
"AUT","HHDI","GROSSADJ","USD_CAP","A","1997",19338.0688158638,
"AUT","HHDI","GROSSADJ","USD_CAP","A","1998",20174.4311447983,
"AUT","HHDI","GROSSADJ","USD_CAP","A","1999",21076.6200601161,
"AUT","HHDI","GROSSADJ","USD_CAP","A","2000",22993.0679274775,
"AUT","HHDI","GROSSADJ","USD_CAP","A","2001",22936.6731863041,
"AUT","HHDI","GROSSADJ","USD_CAP","A","2002",24454.6257800507,
"AUT","HHDI","GROSSADJ","USD_CAP","A","2003",25128.4672224881,
"AUT","HHDI","GROSSADJ","USD_CAP","A","2004",26185.2097493029,
"AUT","HHDI","GROSSADJ","USD_CAP","A","2005",26794.4580895315,
"AUT","HHDI","GROSSADJ","USD_CAP","A","2006",28580.1861126448,
"AUT","HHDI","GROSSADJ","USD_CAP","A","2007",29322.663766975,
"AUT","HHDI","GROSSADJ","USD_CAP","A","2008",30404.2022857364,
"AUT","HHDI","GROSSADJ","USD_CAP","A","2009",30326.5980956664,
"AUT","HHDI","GROSSADJ","USD_CAP","A","2010",31076.8771970183,
"AUT","HHDI","GROSSADJ","USD_CAP","A","2011",31553.1906807056,
"AUT","HHDI","GROSSADJ","USD_CAP","A","2012",33099.0148483659,
"AUT","HHDI","GROSSADJ","USD_CAP","A","2013",33336.5349428918,
"AUT","HHDI","GROSSADJ","USD_CAP","A","2014",33485.4804724716,
"FRA","HHDI","GROSSADJ","USD_CAP","A","1970",2838.93494724456,
"FRA","HHDI","GROSSADJ","USD_CAP","A","1971",3110.06446052032,
"FRA","HHDI","GROSSADJ","USD_CAP","A","1972",3373.80536919614,
"FRA","HHDI","GROSSADJ","USD_CAP","A","1973",3744.74829471878,
"FRA","HHDI","GROSSADJ","USD_CAP","A","1974",4268.84118956769,
"FRA","HHDI","GROSSADJ","USD_CAP","A","1975",4760.70043380012,
"FRA","HHDI","GROSSADJ","USD_CAP","A","1976",5130.80370033705,
"FRA","HHDI","GROSSADJ","USD_CAP","A","1977",5599.47801377062,
"FRA","HHDI","GROSSADJ","USD_CAP","A","1978",6331.41342132223,
"FRA","HHDI","GROSSADJ","USD_CAP","A","1979",6956.95518955261,
"FRA","HHDI","GROSSADJ","USD_CAP","A","1980",7736.17011388748,
"FRA","HHDI","GROSSADJ","USD_CAP","A","1981",8531.8730345356,
"FRA","HHDI","GROSSADJ","USD_CAP","A","1982",9182.2282931237,
"FRA","HHDI","GROSSADJ","USD_CAP","A","1983",9556.89314076805,
"FRA","HHDI","GROSSADJ","USD_CAP","A","1984",9845.76844053459,
"FRA","HHDI","GROSSADJ","USD_CAP","A","1985",10271.17595875,
"FRA","HHDI","GROSSADJ","USD_CAP","A","1986",10706.1578092318,
"FRA","HHDI","GROSSADJ","USD_CAP","A","1987",11175.0442331608,
"FRA","HHDI","GROSSADJ","USD_CAP","A","1988",11926.4686616146,
"FRA","HHDI","GROSSADJ","USD_CAP","A","1989",12814.9395799892,
"FRA","HHDI","GROSSADJ","USD_CAP","A","1990",13812.7406138561,
"FRA","HHDI","GROSSADJ","USD_CAP","A","1991",14470.3351418645,
"FRA","HHDI","GROSSADJ","USD_CAP","A","1992",15139.2468554349,
"FRA","HHDI","GROSSADJ","USD_CAP","A","1993",15627.6348688401,
"FRA","HHDI","GROSSADJ","USD_CAP","A","1994",16020.1791413833,
"FRA","HHDI","GROSSADJ","USD_CAP","A","1995",16642.1069239499,
"FRA","HHDI","GROSSADJ","USD_CAP","A","1996",17136.9859592593,
"FRA","HHDI","GROSSADJ","USD_CAP","A","1997",17795.5158713319,
"FRA","HHDI","GROSSADJ","USD_CAP","A","1998",18482.336151247,
"FRA","HHDI","GROSSADJ","USD_CAP","A","1999",19171.9632006313,
"FRA","HHDI","GROSSADJ","USD_CAP","A","2000",21313.8608359314,
"FRA","HHDI","GROSSADJ","USD_CAP","A","2001",22744.7711315623,
"FRA","HHDI","GROSSADJ","USD_CAP","A","2002",24620.0992338392,
"FRA","HHDI","GROSSADJ","USD_CAP","A","2003",23739.7911897219,
"FRA","HHDI","GROSSADJ","USD_CAP","A","2004",24636.5129568823,
"FRA","HHDI","GROSSADJ","USD_CAP","A","2005",24931.325447822,
"FRA","HHDI","GROSSADJ","USD_CAP","A","2006",25865.4709817827,
"FRA","HHDI","GROSSADJ","USD_CAP","A","2007",27212.2542982074,
"FRA","HHDI","GROSSADJ","USD_CAP","A","2008",28111.7192912144,
"FRA","HHDI","GROSSADJ","USD_CAP","A","2009",28272.0974279388,
"FRA","HHDI","GROSSADJ","USD_CAP","A","2010",29226.7297953697,
"FRA","HHDI","GROSSADJ","USD_CAP","A","2011",29785.2160477625,
"FRA","HHDI","GROSSADJ","USD_CAP","A","2012",30268.4040755887,
"FRA","HHDI","GROSSADJ","USD_CAP","A","2013",31215.2678419973,
"FRA","HHDI","GROSSADJ","USD_CAP","A","2014",31118.2662979249,
"RUS","HHDI","GROSSADJ","USD_CAP","A","2002",6615.38893776076,
"RUS","HHDI","GROSSADJ","USD_CAP","A","2003",7086.42972492396,
"RUS","HHDI","GROSSADJ","USD_CAP","A","2004",7907.09066954515,
"RUS","HHDI","GROSSADJ","USD_CAP","A","2005",8817.69975098089,
"RUS","HHDI","GROSSADJ","USD_CAP","A","2006",10686.5330174268,
"RUS","HHDI","GROSSADJ","USD_CAP","A","2007",12340.0652651363,
"RUS","HHDI","GROSSADJ","USD_CAP","A","2008",14365.0405456393,
"RUS","HHDI","GROSSADJ","USD_CAP","A","2009",14521.8557946698,
"RUS","HHDI","GROSSADJ","USD_CAP","A","2010",15808.1266222156,
"RUS","HHDI","GROSSADJ","USD_CAP","A","2011",17350.9547159097,
"RUS","HHDI","GROSSADJ","USD_CAP","A","2012",18308.3534568135,"E"
"RUS","HHDI","GROSSADJ","USD_CAP","A","2013",17102.7862846257,"E"
"NZL","HHDI","GROSSADJ","USD_CAP","A","1998",14122.8382126174,
"NZL","HHDI","GROSSADJ","USD_CAP","A","1999",15147.0295724046,
"NZL","HHDI","GROSSADJ","USD_CAP","A","2000",14972.7304603427,
"NZL","HHDI","GROSSADJ","USD_CAP","A","2001",15799.3542671496,
"NZL","HHDI","GROSSADJ","USD_CAP","A","2002",15895.3430649311,
"NZL","HHDI","GROSSADJ","USD_CAP","A","2003",16643.2431722545,
"NZL","HHDI","GROSSADJ","USD_CAP","A","2004",17694.3257625476,
"NZL","HHDI","GROSSADJ","USD_CAP","A","2005",17910.2148145868,
"NZL","HHDI","GROSSADJ","USD_CAP","A","2006",19450.2680295144,
"NZL","HHDI","GROSSADJ","USD_CAP","A","2007",21059.6927166524,
"NZL","HHDI","GROSSADJ","USD_CAP","A","2008",21724.1664156737,
"NZL","HHDI","GROSSADJ","USD_CAP","A","2009",22059.0627939809,
"NZL","HHDI","GROSSADJ","USD_CAP","A","2010",22746.3992121194,
"NZL","HHDI","GROSSADJ","USD_CAP","A","2011",23819.5331901203,
"NZL","HHDI","GROSSADJ","USD_CAP","A","2012",24583.0137482657,
"NZL","HHDI","GROSSADJ","USD_CAP","A","2013",25483.7423511668,
"DNK","HHDI","GROSSADJ","USD_CAP","A","1995",15736.4622496751,
"DNK","HHDI","GROSSADJ","USD_CAP","A","1996",16063.0988469487,
"DNK","HHDI","GROSSADJ","USD_CAP","A","1997",16385.1509586707,
"DNK","HHDI","GROSSADJ","USD_CAP","A","1998",17197.7617734009,
"DNK","HHDI","GROSSADJ","USD_CAP","A","1999",17181.4733965717,
"DNK","HHDI","GROSSADJ","USD_CAP","A","2000",18315.5856705573,
"DNK","HHDI","GROSSADJ","USD_CAP","A","2001",18888.3963773186,
"DNK","HHDI","GROSSADJ","USD_CAP","A","2002",20747.9283214416,
"DNK","HHDI","GROSSADJ","USD_CAP","A","2003",20200.1995901549,
"DNK","HHDI","GROSSADJ","USD_CAP","A","2004",21046.8570322718,
"DNK","HHDI","GROSSADJ","USD_CAP","A","2005",20955.8075100034,
"DNK","HHDI","GROSSADJ","USD_CAP","A","2006",22443.3883512126,
"DNK","HHDI","GROSSADJ","USD_CAP","A","2007",23326.0231188918,
"DNK","HHDI","GROSSADJ","USD_CAP","A","2008",24272.1514031715,
"DNK","HHDI","GROSSADJ","USD_CAP","A","2009",25014.6321106111,
"DNK","HHDI","GROSSADJ","USD_CAP","A","2010",26381.6056812953,
"DNK","HHDI","GROSSADJ","USD_CAP","A","2011",27148.990598919,
"DNK","HHDI","GROSSADJ","USD_CAP","A","2012",28144.3224477387,
"DNK","HHDI","GROSSADJ","USD_CAP","A","2013",28440.4323299115,
"DNK","HHDI","GROSSADJ","USD_CAP","A","2014",28534.6805277755,
"ISL","HHDI","GROSSADJ","USD_CAP","A","2000",17691.5966485404,
"ISL","HHDI","GROSSADJ","USD_CAP","A","2001",17791.7941997254,
"ISL","HHDI","GROSSADJ","USD_CAP","A","2002",19542.2381707122,
"ISL","HHDI","GROSSADJ","USD_CAP","A","2003",20109.4147021994,
"ISL","HHDI","GROSSADJ","USD_CAP","A","2004",21649.9867442429,
"ISL","HHDI","GROSSADJ","USD_CAP","A","2005",22371.211596878,
"ISL","HHDI","GROSSADJ","USD_CAP","A","2006",23683.5987292431,
"ISL","HHDI","GROSSADJ","USD_CAP","A","2007",26600.0999962613,
"ISL","HHDI","GROSSADJ","USD_CAP","A","2008",26698.8351928217,
"ISL","HHDI","GROSSADJ","USD_CAP","A","2009",24045.6808276674,
"ISL","HHDI","GROSSADJ","USD_CAP","A","2010",22188.5627262329,
"ISL","HHDI","GROSSADJ","USD_CAP","A","2011",23403.7670196467,
"ISL","HHDI","GROSSADJ","USD_CAP","A","2012",24504.6620033629,
"ISL","HHDI","GROSSADJ","USD_CAP","A","2013",25224.7752217587,
